<?xml version="1.0" encoding="UTF-8" standalone="no"?>
<CHALECOS>
    <CHALECO>
        <ID_CHALECO>6</ID_CHALECO>
        <MODELO>adawdawfafwa</MODELO>
        <COLOR>2</COLOR>
        <TALLA>3</TALLA>
        <PRECIO>45</PRECIO>
        <STOCK>24</STOCK>
    </CHALECO>
    <CHALECO>
        <ID_CHALECO>11</ID_CHALECO>
        <MODELO>prueba</MODELO>
        <COLOR>0</COLOR>
        <TALLA>1</TALLA>
        <PRECIO>234</PRECIO>
        <STOCK>23</STOCK>
    </CHALECO>
    <CHALECO>
        <ID_CHALECO>13</ID_CHALECO>
        <MODELO/>
        <COLOR>0</COLOR>
        <TALLA>1</TALLA>
        <PRECIO/>
        <STOCK/>
    </CHALECO>
    <CHALECO>
        <ID_CHALECO>2</ID_CHALECO>
        <MODELO>joma</MODELO>
        <COLOR>1</COLOR>
        <TALLA>1</TALLA>
        <PRECIO>30</PRECIO>
        <STOCK>30</STOCK>
    </CHALECO>
    <CHALECO>
        <ID_CHALECO>4</ID_CHALECO>
        <MODELO>illo</MODELO>
        <COLOR>1</COLOR>
        <TALLA>2</TALLA>
        <PRECIO>12</PRECIO>
        <STOCK>32</STOCK>
    </CHALECO>
    <CHALECO>
        <ID_CHALECO>5</ID_CHALECO>
        <MODELO>awjdawd</MODELO>
        <COLOR>2</COLOR>
        <TALLA>3</TALLA>
        <PRECIO>15</PRECIO>
        <STOCK>30</STOCK>
    </CHALECO>
    <CHALECO>
        <ID_CHALECO>1</ID_CHALECO>
        <MODELO>nike</MODELO>
        <COLOR>1</COLOR>
        <TALLA>2</TALLA>
        <PRECIO>60</PRECIO>
        <STOCK>30</STOCK>
    </CHALECO>
    <CHALECO>
        <ID_CHALECO>12</ID_CHALECO>
        <MODELO/>
        <COLOR>0</COLOR>
        <TALLA>1</TALLA>
        <PRECIO/>
        <STOCK/>
    </CHALECO>
    <CHALECO>
        <ID_CHALECO>14</ID_CHALECO>
        <MODELO/>
        <COLOR>0</COLOR>
        <TALLA>1</TALLA>
        <PRECIO/>
        <STOCK/>
    </CHALECO>
    <CHALECO>
        <ID_CHALECO>3</ID_CHALECO>
        <MODELO>perro</MODELO>
        <COLOR>1</COLOR>
        <TALLA>1</TALLA>
        <PRECIO>30</PRECIO>
        <STOCK>30</STOCK>
    </CHALECO>
    <CHALECO>
        <ID_CHALECO>15</ID_CHALECO>
        <MODELO/>
        <COLOR>0</COLOR>
        <TALLA>1</TALLA>
        <PRECIO/>
        <STOCK/>
    </CHALECO>
</CHALECOS>
