<?xml version="1.0" encoding="UTF-8" standalone="no"?>
<EMPS>
    <EMP>
        <EMPNO>7369</EMPNO>
        <ENAME>SMITH</ENAME>
        <JOB>CLERK</JOB>
        <MGR>7902</MGR>
        <HIREDATE>1980-12-17 00:00:00</HIREDATE>
        <SAL>800</SAL>
        <COMM/>
        <DEPTNO>20</DEPTNO>
    </EMP>
    <EMP>
        <EMPNO>7499</EMPNO>
        <ENAME>ALLEN</ENAME>
        <JOB>SALESMAN</JOB>
        <MGR>7698</MGR>
        <HIREDATE>1981-02-20 00:00:00</HIREDATE>
        <SAL>1600</SAL>
        <COMM>300</COMM>
        <DEPTNO>30</DEPTNO>
    </EMP>
    <EMP>
        <EMPNO>7521</EMPNO>
        <ENAME>WARD</ENAME>
        <JOB>SALESMAN</JOB>
        <MGR>7698</MGR>
        <HIREDATE>1981-02-22 00:00:00</HIREDATE>
        <SAL>1250</SAL>
        <COMM>500</COMM>
        <DEPTNO>30</DEPTNO>
    </EMP>
    <EMP>
        <EMPNO>7566</EMPNO>
        <ENAME>JONES</ENAME>
        <JOB>MANAGER</JOB>
        <MGR>7839</MGR>
        <HIREDATE>1981-04-02 00:00:00</HIREDATE>
        <SAL>2975</SAL>
        <COMM/>
        <DEPTNO>20</DEPTNO>
    </EMP>
    <EMP>
        <EMPNO>7654</EMPNO>
        <ENAME>MARTIN</ENAME>
        <JOB>SALESMAN</JOB>
        <MGR>7698</MGR>
        <HIREDATE>1981-09-28 00:00:00</HIREDATE>
        <SAL>1250</SAL>
        <COMM>1400</COMM>
        <DEPTNO>30</DEPTNO>
    </EMP>
    <EMP>
        <EMPNO>7698</EMPNO>
        <ENAME>BLAKE</ENAME>
        <JOB>MANAGER</JOB>
        <MGR>7839</MGR>
        <HIREDATE>1981-05-01 00:00:00</HIREDATE>
        <SAL>2850</SAL>
        <COMM/>
        <DEPTNO>30</DEPTNO>
    </EMP>
    <EMP>
        <EMPNO>7782</EMPNO>
        <ENAME>CLARK</ENAME>
        <JOB>MANAGER</JOB>
        <MGR>7839</MGR>
        <HIREDATE>1981-06-09 00:00:00</HIREDATE>
        <SAL>2450</SAL>
        <COMM/>
        <DEPTNO>10</DEPTNO>
    </EMP>
    <EMP>
        <EMPNO>7788</EMPNO>
        <ENAME>SCOTT</ENAME>
        <JOB>ANALYST</JOB>
        <MGR>7566</MGR>
        <HIREDATE>1987-04-19 00:00:00</HIREDATE>
        <SAL>3000</SAL>
        <COMM/>
        <DEPTNO>20</DEPTNO>
    </EMP>
    <EMP>
        <EMPNO>7839</EMPNO>
        <ENAME>KING</ENAME>
        <JOB>PRESIDENT</JOB>
        <MGR/>
        <HIREDATE>1981-11-17 00:00:00</HIREDATE>
        <SAL>5000</SAL>
        <COMM/>
        <DEPTNO>10</DEPTNO>
    </EMP>
    <EMP>
        <EMPNO>7844</EMPNO>
        <ENAME>TURNER</ENAME>
        <JOB>SALESMAN</JOB>
        <MGR>7698</MGR>
        <HIREDATE>1981-09-08 00:00:00</HIREDATE>
        <SAL>1500</SAL>
        <COMM>0</COMM>
        <DEPTNO>30</DEPTNO>
    </EMP>
    <EMP>
        <EMPNO>7876</EMPNO>
        <ENAME>ADAMS</ENAME>
        <JOB>CLERK</JOB>
        <MGR>7788</MGR>
        <HIREDATE>1987-05-23 00:00:00</HIREDATE>
        <SAL>1100</SAL>
        <COMM/>
        <DEPTNO>20</DEPTNO>
    </EMP>
    <EMP>
        <EMPNO>7900</EMPNO>
        <ENAME>JAMES</ENAME>
        <JOB>CLERK</JOB>
        <MGR>7698</MGR>
        <HIREDATE>1981-12-03 00:00:00</HIREDATE>
        <SAL>950</SAL>
        <COMM/>
        <DEPTNO>30</DEPTNO>
    </EMP>
    <EMP>
        <EMPNO>7902</EMPNO>
        <ENAME>FORD</ENAME>
        <JOB>ANALYST</JOB>
        <MGR>7566</MGR>
        <HIREDATE>1981-12-03 00:00:00</HIREDATE>
        <SAL>3000</SAL>
        <COMM/>
        <DEPTNO>20</DEPTNO>
    </EMP>
    <EMP>
        <EMPNO>7934</EMPNO>
        <ENAME>MILLER</ENAME>
        <JOB>CLERK</JOB>
        <MGR>7782</MGR>
        <HIREDATE>1982-01-23 00:00:00</HIREDATE>
        <SAL>1300</SAL>
        <COMM/>
        <DEPTNO>10</DEPTNO>
    </EMP>
</EMPS>
